0,nospec_no_specifier_test,1652361778,0
1,nospec_empty_string,1652361778,0
2,nospec_some_escaped_chars,1652361778,0
3,nospec_successive_5_5,1652361778,0
4,nospec_successive_2_9,1652361778,0
5,nospec_successive_8_3,1652361778,0
6,pct_basic,1652361778,0
7,pct_5w,1652361778,0
8,pct_5wlj,1652361778,0
9,pct_5wzp,1652361778,0
10,pct_5wljzp,1652361778,0
16,c_allprintable_combined,1652361778,0
17,c_1_31_combined,1652361778,0
18,c_128_255_combined,1652361778,0
19,c_allprintable_width,1652361778,0
20,c_1_31_width,1652361778,0
21,c_128_255_width,1652361778,0
22,c_allprintable_width_lj,1652361778,0
23,c_1_31_width_lj,1652361778,0
24,c_128_255_width_lj,1652361778,0
25,c_nullterm_basic,1652361778,0
26,c_nullterm_5w,1652361778,0
27,c_nullterm_5wlj,1652361778,0
28,s_basic_string_expansion,1652361778,0
29,s_only_string_expansion,1652361778,0
30,s_two_string_expansions,1652361778,0
31,s_two_string_expansions2,1652361778,0
32,s_empty_string_expansion,1652361778,0
33,s_full_then_empty_string,1652361778,0
34,s_empty_then_full_string,1652361778,0
35,s_three_strings,1652361778,0
36,s_space_padded_field_width,1652361778,0
37,s_space_padded_field_width2,1652361778,0
38,s_space_padded_over_field_width,1652361778,0
39,s_space_padded_field_width_lj,1652361778,0
40,s_space_padded_field_width2_lj,1652361778,0
41,s_space_padded_over_field_width_lj,1652361778,0
42,s_string_prec_notrunc,0,1652361778
43,s_string_prec_trunc,0,1652361778
44,s_string_prec_default,0,1652361778
45,s_string_prec_zero,0,1652361778
46,s_two_strings_prec_2trunc,0,1652361778
47,s_two_strings_prec_1trunc_a,0,1652361778
48,s_two_strings_prec_1trunc_b,0,1652361778
49,s_two_strings_prec_0trunc,0,1652361778
50,s_string_prec_width_notrunc,0,1652361778
51,s_string_prec_width_trunc,0,1652361778
52,s_string_prec_width_notrunc_lj,0,1652361778
53,s_string_prec_width_trunc_lj,0,1652361778
54,s_two_s_prec_width_2fit_0trunc,0,1652361778
55,s_two_s_prec_width_1fit_a_0trunc,0,1652361778
56,s_two_s_prec_width_1fit_b_0trunc,0,1652361778
57,s_two_s_prec_width_0fit_0trunc,0,1652361778
58,s_two_s_prec_width_2fit_1trunc_a,0,1652361778
59,s_two_s_prec_width_1fit_a_1trunc_a,0,1652361778
60,s_two_s_prec_width_1fit_b_1trunc_a,0,1652361778
61,s_two_s_prec_width_0fit_1trunc_a,0,1652361778
62,s_two_s_prec_width_2fit_1trunc_b,0,1652361778
63,s_two_s_prec_width_1fit_a_1trunc_b,0,1652361778
64,s_two_s_prec_width_1fit_b_1trunc_b,0,1652361778
65,s_two_s_prec_width_0fit_1trunc_b,0,1652361778
66,s_two_s_prec_width_2fit_2trunc,0,1652361778
67,s_two_s_prec_width_1fit_a_2trunc,0,1652361778
68,s_two_s_prec_width_1fit_b_2trunc,0,1652361778
69,s_two_s_prec_width_0fit_2trunc,0,1652361778
70,s_two_s_prec_width_2trunc,1652361778,0
71,s_two_strings_lj_and_rj,1652361778,0
72,s_two_strings_rj_and_lj,1652361778,0
73,s_null_basic_string_expansion,1652361778,0
74,s_null_only_string_expansion,1652361778,0
75,s_null_space_padded_field_width,1652361778,0
76,s_null_space_padded_over_field_width,1652361778,0
77,s_null_space_padded_field_width_lj,1652361778,0
78,s_null_space_padded_field_width2_lj,1652361778,0
79,s_null_space_padded_over_field_width_lj,1652361778,0
80,s_null_string_prec_notrunc,0,1652361778
81,s_null_string_prec_trunc,0,1652361778
82,s_null_string_prec_default,0,1652361778
83,s_null_string_prec_zero,0,1652361778
84,s_basic_s_hidden,1652361778,0
85,s_width_3_s_hidden,1652361778,0
86,s_width_9_s_hidden,1652361778,0
87,s_prec_no_width_s_hidden,0,1652361778
88,s_prec_9_no_width_s_hidden,0,1652361778
89,s_prec_03_no_width_s_hidden,0,1652361778
90,s_prec_09_no_width_s_hidden,0,1652361778
91,s_prec_03_no_width_s_null,0,1652361778
92,s_prec_09_no_width_s_null,0,1652361778
93,s_prec_00_no_width_s_nullchar,1652361778,0
94,s_prec_01_no_width_s_nullchar,0,1652361778
95,s_prec_03_no_width_s_nullchar,0,1652361778
96,s_prec_09_no_width_s_nullchar,0,1652361778
97,s_prec_0_width_3_s_hidden,0,1652361778
98,s_prec_0_width_10_s_hidden,0,1652361778
99,s_prec_0_width_3_s_null,0,1652361778
100,s_prec_0_width_10_s_null,0,1652361778
101,s_prec_0_width_1_s_nullchar,1652361778,0
102,s_prec_0_width_2_s_nullchar,1652361778,0
103,s_prec_0_width_9_s_nullchar,1652361778,0
104,s_prec_0_lj_width_3_s_hidden,0,1652361778
105,s_prec_0_lj_width_8_s_hidden,0,1652361778
106,s_prec_0_lj_width_3_s_null,0,1652361778
107,s_prec_0_lj_width_8_s_null,0,1652361778
108,s_prec_0_lj_width_1_s_nullchar,1652361778,0
109,s_prec_0_lj_width_2_s_nullchar,1652361778,0
110,s_prec_0_lj_width_6_s_nullchar,1652361778,0
111,s_prec_1_width_3_s_hidden,0,1652361778
112,s_prec_1_width_10_s_hidden,0,1652361778
113,s_prec_1_width_3_s_null,0,1652361778
114,s_prec_1_width_9_s_null,0,1652361778
115,s_prec_1_lj_width_3_s_hidden,0,1652361778
116,s_prec_1_lj_width_10_s_hidden,0,1652361778
117,s_prec_1_lj_width_3_s_null,0,1652361778
118,s_prec_1_lj_width_9_s_null,0,1652361778
119,s_prec_1_lj_width_3_s_nullchar,0,1652361778
120,s_prec_1_lj_width_6_s_nullchar,0,1652361778
121,s_prec_perfect_width_3_s_hidden,0,1652361778
122,s_prec_perfect_width_20_s_hidden,0,1652361778
123,s_prec_perfect_width_3_s_null,0,1652361778
124,s_prec_perfect_width_20_s_null,0,1652361778
125,s_prec_perfect_width_3_s_nullchar,0,1652361778
126,s_prec_perfect_width_6_s_nullchar,0,1652361778
127,s_prec_perfect_lj_width_3_s_hidden,0,1652361778
128,s_prec_perfect_lj_width_20_s_hidden,0,1652361778
129,s_prec_8_lj_width_3_s_hidden,0,1652361778
130,s_prec_8_lj_width_10_s_hidden,0,1652361778
131,s_prec_8_lj_width_3_s_null,0,1652361778
132,s_prec_8_lj_width_10_s_null,0,1652361778
133,s_prec_00_lj_s_hidden_trunc,0,1652361778
134,s_prec_09_lj_s_hidden_notrunc,0,1652361778
173,p_null,1652361778,0
178,p_ftfc_5w_throwswarning,1652361778,0
179,p_basic,1652361778,0
180,p_width_fit,1652361778,0
181,p_width_nofit,1652361778,0
182,p_width_16,1652361778,0
183,p_width_8,1652361778,0
184,p_width_32,1652361778,0
185,p_width_fit_lj,1652361778,0
186,p_width_nofit_lj,1652361778,0
187,p_width_16_lj,1652361778,0
188,p_width_8_lj,1652361778,0
189,p_width_32_lj,1652361778,0
190,d_basic_pos,1652361778,0
191,d_basic_neg,1652361778,0
192,d_basic_zero,1652361778,0
193,d_basic_onlypos,1652361778,0
194,d_basic_onlyneg,1652361778,0
195,d_basic_onlyzero,1652361778,0
196,d_intmax,1652361778,0
197,d_intmin,1652361778,0
198,d_width_pos_fits,1652361778,0
199,d_width_neg_fits,1652361778,0
200,d_width_zero_fits,1652361778,0
201,d_width_pos_exactfit,1652361778,0
202,d_width_neg_exactfit,1652361778,0
203,d_width_pos_nofit,0,1652361778
204,d_width_neg_nofit,0,1652361778
205,d_width_pos_fits_lj,1652361778,0
206,d_width_neg_fits_lj,1652361778,0
207,d_width_zero_fits_lj,1652361778,0
208,d_width_pos_exactfit_lj,1652361778,0
209,d_width_neg_exactfit_lj,1652361778,0
210,d_width_pos_nofit_lj,0,1652361778
211,d_width_neg_nofit_lj,0,1652361778
212,d_prec_fits_pos,1652361778,0
213,d_prec_fits_neg,0,1652361778
214,d_prec_fits_zero,1652361778,0
215,d_prec_exactfit_pos,1652361778,0
216,d_prec_exactfit_neg,0,1652361778
217,d_prec_nofit_pos,0,1652361778
218,d_prec_nofit_neg,0,1652361778
219,d_zp_pos_fits,1652361778,0
220,d_zp_neg_fits,0,1652361778
221,d_zp_zero_fits,1652361778,0
222,d_zp_pos_exactfit,1652361778,0
223,d_zp_neg_exactfit,1652361778,0
224,d_zp_neg_minus1fit,0,1652361778
225,d_prec_width_fit_fit_pos,0,1652361778
226,d_prec_width_fit_fit_neg,0,1652361778
227,d_prec_width_fit_fit_zero,0,1652361778
228,d_prec_width_nofit_fit_pos,0,1652361778
229,d_prec_width_nofit_fit_neg,0,1652361778
230,d_prec_width_fit_nofit_pos,0,1652361778
231,d_prec_width_fit_nofit_neg,0,1652361778
232,d_prec_width_nofit_nofit_pos,0,1652361778
233,d_prec_width_nofit_nofit_neg,0,1652361778
234,d_prec_width_fit_fit_pos_lj,0,1652361778
235,d_prec_width_fit_fit_neg_lj,0,1652361778
236,d_prec_width_fit_fit_zero_lj,0,1652361778
237,d_prec_width_nofit_fit_pos_lj,0,1652361778
238,d_prec_width_nofit_fit_neg_lj,0,1652361778
239,d_prec_width_fit_nofit_pos_lj,0,1652361778
240,d_prec_width_fit_nofit_neg_lj,0,1652361778
241,d_prec_width_nofit_nofit_pos_lj,0,1652361778
242,d_prec_width_nofit_nofit_neg_lj,0,1652361778
243,d_prec_width_ff_pos_zp,0,1652361778
244,d_prec_width_ff_neg_zp,0,1652361778
245,d_prec_width_ff_zero_zp,0,1652361778
246,d_prec_width_nf_pos_zp,0,1652361778
247,d_prec_width_nf_neg_zp,0,1652361778
248,d_prec_width_fn_pos_zp,0,1652361778
249,d_prec_width_fn_neg_zp,0,1652361778
250,d_prec_width_nn_pos_zp,0,1652361778
251,d_prec_width_nn_neg_zp,0,1652361778
252,d_prec_width_ff_pos_lj_zp_ignoreflag,0,1652361778
253,d_prec_width_ff_neg_ljzp_ignoreflag,0,1652361778
254,d_prec_width_ff_zero_ljzp_ignoreflag,0,1652361778
255,d_prec_width_nf_pos_ljzp_ignoreflag,0,1652361778
256,d_prec_width_nf_neg_ljzp_ignoreflag,0,1652361778
257,d_prec_width_fn_pos_ljzp_ignoreflag,0,1652361778
258,d_prec_width_fn_neg_ljzp_ignoreflag,0,1652361778
259,d_prec_width_nn_pos_ljzp_ignoreflag,0,1652361778
260,d_prec_width_nn_neg_ljzp_ignoreflag,0,1652361778
261,d_prec0val0_basic,0,1652361778
262,d_prec0val0_implicit,1652361778,0
263,d_prec0val0_w,0,1652361778
264,d_prec0val0_w_impl,0,1652361778
265,d_prec0val0_wlj,0,1652361778
266,d_prec0val0_wlj_impl,0,1652361778
267,i_basic_pos,1652361778,0
268,i_basic_neg,1652361778,0
269,i_basic_zero,1652361778,0
270,i_basic_onlypos,1652361778,0
271,i_basic_onlyneg,1652361778,0
272,i_basic_onlyzero,1652361778,0
273,i_intmax,1652361778,0
274,i_intmin,1652361778,0
275,i_width_pos_fits,1652361778,0
276,i_width_neg_fits,1652361778,0
277,i_width_zero_fits,1652361778,0
278,i_width_pos_exactfit,1652361778,0
279,i_width_neg_exactfit,1652361778,0
280,i_width_pos_nofit,0,1652361778
281,i_width_neg_nofit,0,1652361778
282,i_width_pos_fits_lj,1652361778,0
283,i_width_neg_fits_lj,1652361778,0
284,i_width_zero_fits_lj,1652361778,0
285,i_width_pos_exactfit_lj,1652361778,0
286,i_width_neg_exactfit_lj,1652361778,0
287,i_width_pos_nofit_lj,0,1652361778
288,i_width_neg_nofit_lj,0,1652361778
289,i_prec_fits_pos,1652361778,0
290,i_prec_fits_neg,0,1652361778
291,i_prec_fits_zero,1652361778,0
292,i_prec_exactfit_pos,1652361778,0
293,i_prec_exactfit_neg,0,1652361778
294,i_prec_nofit_pos,0,1652361778
295,i_prec_nofit_neg,0,1652361778
296,i_zp_pos_fits,1652361778,0
297,i_zp_neg_fits,0,1652361778
298,i_zp_zero_fits,1652361778,0
299,i_zp_pos_exactfit,1652361778,0
300,i_zp_neg_exactfit,1652361778,0
301,i_zp_neg_minus1fit,0,1652361778
302,i_prec_width_fit_fit_pos,0,1652361778
303,i_prec_width_fit_fit_neg,0,1652361778
304,i_prec_width_fit_fit_zero,0,1652361778
305,i_prec_width_nofit_fit_pos,0,1652361778
306,i_prec_width_nofit_fit_neg,0,1652361778
307,i_prec_width_fit_nofit_pos,0,1652361778
308,i_prec_width_fit_nofit_neg,0,1652361778
309,i_prec_width_nofit_nofit_pos,0,1652361778
310,i_prec_width_nofit_nofit_neg,0,1652361778
311,i_prec_width_fit_fit_pos_lj,0,1652361778
312,i_prec_width_fit_fit_neg_lj,0,1652361778
313,i_prec_width_fit_fit_zero_lj,0,1652361778
314,i_prec_width_nofit_fit_pos_lj,0,1652361778
315,i_prec_width_nofit_fit_neg_lj,0,1652361778
316,i_prec_width_fit_nofit_pos_lj,0,1652361778
317,i_prec_width_fit_nofit_neg_lj,0,1652361778
318,i_prec_width_nofit_nofit_pos_lj,0,1652361778
319,i_prec_width_nofit_nofit_neg_lj,0,1652361778
320,i_prec_width_ff_pos_zp,0,1652361778
321,i_prec_width_ff_neg_zp,0,1652361778
322,i_prec_width_ff_zero_zp,0,1652361778
323,i_prec_width_nf_pos_zp,0,1652361778
324,i_prec_width_nf_neg_zp,0,1652361778
325,i_prec_width_fn_pos_zp,0,1652361778
326,i_prec_width_fn_neg_zp,0,1652361778
327,i_prec_width_nn_pos_zp,0,1652361778
328,i_prec_width_nn_neg_zp,0,1652361778
329,i_prec_width_ff_pos_lj_zp_ignoreflag,0,1652361778
330,i_prec_width_ff_neg_ljzp_ignoreflag,0,1652361778
331,i_prec_width_ff_zero_ljzp_ignoreflag,0,1652361778
332,i_prec_width_nf_pos_ljzp_ignoreflag,0,1652361778
333,i_prec_width_nf_neg_ljzp_ignoreflag,0,1652361778
334,i_prec_width_fn_pos_ljzp_ignoreflag,0,1652361778
335,i_prec_width_fn_neg_ljzp_ignoreflag,0,1652361778
336,i_prec_width_nn_pos_ljzp_ignoreflag,0,1652361778
337,i_prec_width_nn_neg_ljzp_ignoreflag,0,1652361778
338,i_prec0val0_basic,0,1652361778
339,i_prec0val0_implicit,1652361778,0
340,i_prec0val0_w,0,1652361778
341,i_prec0val0_w_impl,0,1652361778
342,i_prec0val0_wlj,0,1652361778
343,i_prec0val0_wlj_impl,0,1652361778
344,u_basic_pos,1652361778,0
345,u_basic_zero,1652361778,0
346,u_basic_onlypos,1652361778,0
347,u_uintmax,1652361778,0
348,u_width_pos_fits,1652361778,0
349,u_width_zero_fits,1652361778,0
350,u_width_pos_exactfit,1652361778,0
351,u_width_pos_nofit,0,1652361778
352,u_width_pos_fits_lj,1652361778,0
353,u_width_zero_fits_lj,1652361778,0
354,u_width_pos_exactfit_lj,1652361778,0
355,u_width_pos_nofit_lj,0,1652361778
356,u_prec_fits_pos,1652361778,0
357,u_prec_fits_zero,1652361778,0
358,u_prec_exactfit_pos,1652361778,0
359,u_prec_nofit_pos,0,1652361778
360,u_zp_pos_fits,1652361778,0
361,u_zp_zero_fits,1652361778,0
362,u_zp_pos_exactfit,1652361778,0
363,u_prec_width_fit_fit_pos,0,1652361778
364,u_prec_width_fit_fit_zero,0,1652361778
365,u_prec_width_nofit_fit_pos,0,1652361778
366,u_prec_width_fit_nofit_pos,0,1652361778
367,u_prec_width_nofit_nofit_pos,0,1652361778
368,u_prec_width_fit_fit_pos_lj,0,1652361778
369,u_prec_width_fit_fit_zero_lj,0,1652361778
370,u_prec_width_nofit_fit_pos_lj,0,1652361778
371,u_prec_width_fit_nofit_pos_lj,0,1652361778
372,u_prec_width_nofit_nofit_pos_lj,0,1652361778
373,u_prec_width_ff_pos_zp,0,1652361778
374,u_prec_width_ff_zero_zp,0,1652361778
375,u_prec_width_nf_pos_zp,0,1652361778
376,u_prec_width_fn_pos_zp,0,1652361778
377,u_prec_width_nn_pos_zp,0,1652361778
378,u_prec_width_ff_pos_ljzp_ignoreflag,0,1652361778
379,u_prec_width_ff_zero_ljzp_ignoreflag,0,1652361778
380,u_prec_width_nf_pos_ljzp_ignoreflag,0,1652361778
381,u_prec_width_fn_pos_ljzp_ignoreflag,0,1652361778
382,u_prec_width_nn_pos_ljzp_ignoreflag,0,1652361778
383,u_prec0val0_basic,0,1652361778
384,u_prec0val0_implicit,1652361778,0
385,u_prec0val0_w,0,1652361778
386,u_prec0val0_w_impl,0,1652361778
387,u_prec0val0_wlj,0,1652361778
388,u_prec0val0_wlj_impl,0,1652361778
389,x_basic_pos,1652361778,0
390,x_basic_zero,1652361778,0
391,x_basic_onlypos,1652361778,0
392,x_hexlmax,1652361778,0
393,x_width_pos_fits,1652361778,0
394,x_width_zero_fits,1652361778,0
395,x_width_pos_exactfit,1652361778,0
396,x_width_pos_nofit,0,1652361778
397,x_width_pos_fits_lj,1652361778,0
398,x_width_zero_fits_lj,1652361778,0
399,x_width_pos_exactfit_lj,1652361778,0
400,x_width_pos_nofit_lj,0,1652361778
401,x_prec_fits_pos,1652361778,0
402,x_prec_fits_zero,1652361778,0
403,x_prec_exactfit_pos,1652361778,0
404,x_prec_nofit_pos,0,1652361778
405,x_zp_pos_fits,1652361778,0
406,x_zp_zero_fits,1652361778,0
407,x_zp_pos_exactfit,0,1652361778
408,x_prec_width_fit_fit_pos,0,1652361778
409,x_prec_width_fit_fit_zero,0,1652361778
410,x_prec_width_nofit_fit_pos,0,1652361778
411,x_prec_width_fit_nofit_pos,0,1652361778
412,x_prec_width_nofit_nofit_pos,0,1652361778
413,x_prec_width_fit_fit_pos_lj,0,1652361778
414,x_prec_width_fit_fit_zero_lj,0,1652361778
415,x_prec_width_nofit_fit_pos_lj,0,1652361778
416,x_prec_width_fit_nofit_pos_lj,0,1652361778
417,x_prec_width_nofit_nofit_pos_lj,0,1652361778
418,x_prec_width_ff_pos_zp,0,1652361778
419,x_prec_width_ff_zero_zp,0,1652361778
420,x_prec_width_nf_pos_zp,0,1652361778
421,x_prec_width_fn_pos_zp,0,1652361778
422,x_prec_width_nn_pos_zp,0,1652361778
423,x_prec_width_ff_pos_ljzp_ignoreflag,0,1652361778
424,x_prec_width_ff_zero_ljzp_ignoreflag,0,1652361778
425,x_prec_width_nf_pos_ljzp_ignoreflag,0,1652361778
426,x_prec_width_fn_pos_ljzp_ignoreflag,0,1652361778
427,x_prec_width_nn_pos_ljzp_ignoreflag,0,1652361778
428,x_prec0val0_basic,0,1652361778
429,x_prec0val0_implicit,1652361778,0
430,x_prec0val0_w,0,1652361778
431,x_prec0val0_w_impl,0,1652361778
432,x_prec0val0_wlj,0,1652361778
433,x_prec0val0_wlj_impl,0,1652361778
434,X_basic_hexu_pos,1652361778,0
435,X_basic_hexu_zero,1652361778,0
436,X_basic_hexu_onlypos,1652361778,0
437,X_hexumax,1652361778,0
438,X_width_pos_fits,1652361778,0
439,X_width_zero_fits,1652361778,0
440,X_width_pos_exactfit,1652361778,0
441,X_width_pos_nofit,0,1652361778
442,X_width_pos_fits_lj,1652361778,0
443,X_width_zero_fits_lj,1652361778,0
444,X_width_pos_exactfit_lj,1652361778,0
445,X_width_pos_nofit_lj,0,1652361778
446,X_prec_fits_pos,1652361778,0
447,X_prec_fits_zero,1652361778,0
448,X_prec_exactfit_pos,1652361778,0
449,X_prec_nofit_pos,0,1652361778
450,X_zp_pos_fits,1652361778,0
451,X_zp_zero_fits,1652361778,0
452,X_zp_pos_exactfit,0,1652361778
453,X_prec_width_fit_fit_pos,0,1652361778
454,X_prec_width_fit_fit_zero,0,1652361778
455,X_prec_width_nofit_fit_pos,0,1652361778
456,X_prec_width_fit_nofit_pos,0,1652361778
457,X_prec_width_nofit_nofit_pos,0,1652361778
458,X_prec_width_fit_fit_pos_lj,0,1652361778
459,X_prec_width_fit_fit_zero_lj,0,1652361778
460,X_prec_width_nofit_fit_pos_lj,0,1652361778
461,X_prec_width_fit_nofit_pos_lj,0,1652361778
462,X_prec_width_nofit_nofit_pos_lj,0,1652361778
463,X_prec_width_ff_pos_zp,0,1652361778
464,X_prec_width_ff_zero_zp,0,1652361778
465,X_prec_width_nf_pos_zp,0,1652361778
466,X_prec_width_fn_pos_zp,0,1652361778
467,X_prec_width_nn_pos_zp,0,1652361778
468,X_prec_width_ff_pos_ljzp_ignoreflag,0,1652361778
469,X_prec_width_ff_zero_ljzp_ignoreflag,0,1652361778
470,X_prec_width_nf_pos_ljzp_ignoreflag,0,1652361778
471,X_prec_width_fn_pos_ljzp_ignoreflag,0,1652361778
472,X_prec_width_nn_pos_ljzp_ignoreflag,0,1652361778
473,X_prec0val0_basic,0,1652361778
474,X_prec0val0_implicit,1652361778,0
475,X_prec0val0_w,0,1652361778
476,X_prec0val0_w_impl,0,1652361778
477,X_prec0val0_wlj,0,1652361778
478,X_prec0val0_wlj_impl,0,1652361778
479,new2019_star_1,0,1652361778
480,new2019_star_2,0,1652361778
481,new2019_star_3,0,1652361778
482,new2019_star_4,0,1652361778
483,new2019_star_5,0,1652361778
484,new2019_star_6,0,1652361778
485,new2019_star_7,0,1652361778
486,new2019_star_8,0,1652361778
487,new2019_star_9,0,1652361778
488,new2019_star_10,0,1652361778
489,new2019_negstar_1,0,1652361778
490,new2019_negstar_2,0,1652361778
491,new2019_negstar_3,0,1652361778
492,new2019_negstar_4,0,1652361778
493,new2019_negstar_5,0,1652361778
494,new2019_negstar_6,0,1652361778
495,new2019_negstar_7,0,1652361778
496,new2019_negstar_8,0,1652361778
497,new2019_negstar_9,0,1652361778
548,moul_c_1,1652361778,0
549,moul_c_2,1652361778,0
550,moul_c_3,1652361778,0
551,moul_c_4,1652361778,0
552,moul_c_5,1652361778,0
553,moul_c_5b,1652361778,0
554,moul_c_6,1652361778,0
555,moul_c_7,1652361778,0
556,moul_c_8,1652361778,0
557,moul_c_9,1652361778,0
558,moul_c_10,1652361778,0
559,moul_c_11,1652361778,0
560,moul_c_12,1652361778,0
561,moul_c_13,1652361778,0
562,moul_c_14,1652361778,0
563,moul_c_15,1652361778,0
564,moul_c_16,1652361778,0
565,moul_c_17,1652361778,0
566,moul_c_18,1652361778,0
567,moul_c_19,1652361778,0
568,moul_c_20,1652361778,0
569,moul_c_21,1652361778,0
570,moul_c_22,1652361778,0
571,moul_c_23,1652361778,0
572,moul_c_24,1652361778,0
573,moul_c_25,1652361778,0
574,moul_c_26,1652361778,0
575,moul_c_27,1652361778,0
576,moul_c_28,1652361778,0
577,moul_s_1,1652361778,0
578,moul_s_2,1652361778,0
579,moul_s_3,1652361778,0
580,moul_s_4,1652361778,0
581,moul_s_5_this_ones_a_doozy,1652361778,0
582,moul_d_1,1652361778,0
583,moul_d_2,1652361778,0
584,moul_d_3,1652361778,0
585,moul_d_4,1652361778,0
586,moul_d_5,1652361778,0
587,moul_d_6,1652361778,0
588,moul_d_7,1652361778,0
589,moul_d_8,1652361778,0
590,moul_d_9,1652361778,0
591,moul_d_10,1652361778,0
592,moul_d_11,1652361778,0
593,moul_d_12,1652361778,0
594,moul_mix_1,1652361778,0
595,moul_i_1,1652361778,0
596,moul_i_2,1652361778,0
597,moul_i_3,1652361778,0
598,moul_i_4,1652361778,0
599,moul_i_5,1652361778,0
600,moul_i_6,1652361778,0
601,moul_i_7,1652361778,0
602,moul_i_8,1652361778,0
603,moul_i_9,1652361778,0
604,moul_i_10,1652361778,0
605,moul_i_11,1652361778,0
606,moul_i_12,1652361778,0
607,moul_u_1,1652361778,0
608,moul_u_2,1652361778,0
609,moul_u_3,1652361778,0
610,moul_u_4,1652361778,0
611,moul_u_5,1652361778,0
612,moul_u_6,1652361778,0
613,moul_u_7,1652361778,0
614,moul_u_8,1652361778,0
615,moul_u_9,1652361778,0
616,moul_u_10,1652361778,0
617,moul_u_11,1652361778,0
618,moul_u_12,1652361778,0
619,moul_x_1,1652361778,0
620,moul_x_2,1652361778,0
621,moul_x_3,1652361778,0
622,moul_x_4,1652361778,0
623,moul_x_5,1652361778,0
624,moul_x_6,1652361778,0
625,moul_x_7,1652361778,0
626,moul_x_8,1652361778,0
627,moul_x_9,1652361778,0
628,moul_x_10,1652361778,0
629,moul_x_11,1652361778,0
630,moul_x_12,1652361778,0
631,moul_prec_1,0,1652361778
632,moul_prec_3,0,1652361778
633,moul_prec_4,0,1652361778
634,moul_prec_5,0,1652361778
635,moul_zeropad_1,1652361778,0
636,moul_zeropad_2,1652361778,0
637,moul_zeropad_3,1652361778,0
638,moul_zeropad_4,1652361778,0
639,moul_leftjusty_1,1652361778,0
640,moul_leftjusty_2,1652361778,0
641,moul_leftjusty_3,1652361778,0
642,moul_leftjusty_4,1652361778,0
643,moul_leftjusty_5,1652361778,0
644,moul_leftjusty_6,0,1652361778
645,moul_leftjusty_7,1652361778,0
646,moul_star_1,0,1652361778
647,moul_star_2,0,1652361778
648,moul_star_3,0,1652361778
649,moul_star_4,0,1652361778
650,moul_star_5,0,1652361778
651,mix_test_0,1652361778,0
652,mix_test_1,1652361778,0
653,mix_test_2,1652361778,0
654,mix_test_3,1652361778,0
655,mix_test_4,1652361778,0
656,mix_test_5,1652361778,0
657,mix_test_6,1652361778,0
658,mix_test_7,1652361778,0
659,mix_test_8,1652361778,0
660,mix_test_9,1652361778,0
661,mix_test_10,1652361778,0
662,mix_test_11,1652361778,0
663,mix_test_12,1652361778,0
664,mix_test_13,1652361778,0
665,mix_test_14,1652361778,0
666,mix_test_15,1652361778,0
667,mix_test_16,1652361778,0
668,mix_test_17,1652361778,0
669,mix_test_18,1652361778,0
670,mix_test_19,1652361778,0
671,mix_test_20,1652361778,0
672,mix_test_21,1652361778,0
673,mix_test_22,1652361778,0
674,mix_test_23,1652361778,0
675,mix_test_24,1652361778,0
676,mix_test_25,1652361778,0
677,mix_test_26,1652361778,0
678,mix_test_27,1652361778,0
679,mix_test_28,1652361778,0
680,mix_test_29,1652361778,0
681,mix_test_30,1652361778,0
682,mix_test_31,1652361778,0
683,mix_test_32,1652361778,0
684,mix_test_33,1652361778,0
685,mix_test_34,1652361778,0
686,mix_test_35,1652361778,0
687,mix_test_36,1652361778,0
688,mix_test_37,1652361778,0
689,mix_test_38,1652361778,0
690,mix_test_39,1652361778,0
691,mix_test_40,1652361778,0
692,mix_test_41,1652361778,0
693,mix_test_42,1652361778,0
694,mix_test_43,1652361778,0
695,mix_test_44,1652361778,0
696,mix_test_45,1652361778,0
697,mix_test_46,1652361778,0
698,mix_test_47,1652361778,0
699,mix_test_48,1652361778,0
700,mix_test_49,1652361778,0
701,mix_test_50,1652361778,0
702,mix_test_51,1652361778,0
703,mix_test_52,1652361778,0
704,mix_test_53,1652361778,0
705,mix_test_54,1652361778,0
706,mix_test_55,1652361778,0
707,mix_test_56,1652361778,0
708,mix_test_57,1652361778,0
709,mix_test_58,1652361778,0
710,mix_test_59,1652361778,0
711,mix_test_60,1652361778,0
712,mix_test_61,1652361778,0
713,mix_test_62,1652361778,0
714,mix_test_63,1652361778,0
715,mix_test_64,1652361778,0
716,mix_test_65,1652361778,0
717,mix_test_66,1652361778,0
718,mix_test_67,1652361778,0
719,mix_test_68,1652361778,0
720,mix_test_69,1652361778,0
721,mix_test_70,1652361778,0
722,mix_test_71,1652361778,0
723,mix_test_72,1652361778,0
724,mix_test_73,1652361778,0
725,mix_test_74,1652361778,0
726,mix_test_75,1652361778,0
727,mix_test_76,1652361778,0
728,mix_test_77,1652361778,0
729,mix_test_78,1652361778,0
730,mix_test_79,1652361778,0
731,mix_test_80,1652361778,0
732,mix_test_81,1652361778,0
733,mix_test_82,1652361778,0
734,mix_test_83,1652361778,0
735,mix_test_84,1652361778,0
736,mix_test_85,1652361778,0
737,mix_test_86,1652361778,0
738,mix_test_87,1652361778,0
739,mix_test_88,1652361778,0
740,mix_test_89,1652361778,0
741,mix_test_90,1652361778,0
742,mix_test_91,1652361778,0
743,mix_test_92,1652361778,0
744,mix_test_93,1652361778,0
745,mix_test_94,1652361778,0
746,mix_test_95,1652361778,0
747,mix_test_96,1652361778,0
748,mix_test_97,1652361778,0
749,mix_test_98,1652361778,0
750,mix_test_99,1652361778,0
751,mix_successive_0,1652361778,0
752,mix_successive_4,1652361778,0
753,mix_successive_6,1652361778,0
754,mix_successive_10,1652361778,0
755,mix_successive_16,1652361778,0
756,mix_successive_20,1652361778,0
757,mix_successive_21,1652361778,0
758,mix_successive_28,1652361778,0
759,mix_successive_30,1652361778,0
760,mix_successive_31,1652361778,0
761,mix_successive_32,1652361778,0
762,mix_successive_39,1652361778,0
763,mix_successive_40,1652361778,0
764,mix_successive_42,1652361778,0
765,mix_successive_43,1652361778,0
766,mix_successive_45,1652361778,0
767,mix_successive_46,1652361778,0
768,mix_successive_61,1652361778,0
769,mix_successive_64,1652361778,0
4186,d_neg_prec_star_01,0,1652361778
4187,d_neg_prec_star_02,0,1652361778
4188,d_neg_prec_star_03,0,1652361778
4189,u_neg_prec_star_01,0,1652361778
4190,u_neg_prec_star_02,0,1652361778
4191,u_neg_prec_star_03,0,1652361778
4192,notintsubject_o_neg_prec_star_01,0,1652361778
4193,notintsubject_o_neg_prec_star_02,0,1652361778
4194,notintsubject_o_neg_prec_star_03,0,1652361778
4195,x_neg_prec_star_01,0,1652361778
4196,x_neg_prec_star_02,0,1652361778
4197,x_neg_prec_star_03,0,1652361778
4198,X_neg_prec_star_01,0,1652361778
4199,X_neg_prec_star_02,0,1652361778
4200,X_neg_prec_star_03,0,1652361778
4201,s_neg_prec_star_01,0,1652361778
4202,s_neg_prec_star_02,0,1652361778
4203,p_neg_prec_star_01,0,1652361778
4204,p_neg_prec_star_02,0,1652361778
4205,p_neg_prec_star_03,0,1652361778
4206,p_neg_prec_star_04,0,1652361778
